"username","sID","category","subCategory"
"ayushb","1","2","e"
"ayushb","125","1","f"
"ayushb","125","1","g"
"eschare","1","2","c"
"eschare","2","2","c"
"eschare","3","2","c"
"eschare","4","2","c"
"eschare","4","8","g"
"eschare","6","1","a"
"eschare","7","1","a"
"eschare","10","4","a"
"eschare","10","14","b"
"eschare","10","14","g"
"eschare","11","2","c"
"eschare","11","14","b"
"eschare","12","2","g"
"eschare","13","2","c"
"eschare","13","14","b"
"eschare","13","14","e"
"eschare","13","14","g"
"eschare","14","8","i"
"eschare","15","8","e"
"eschare","16","11","b"
"eschare","17","2","a"
"eschare","17","2","d"
"eschare","17","3","d"
"eschare","18","2","a"
"eschare","18","2","g"
"eschare","18","6","a"
"eschare","18","14","g"
"eschare","19","2","f"
"eschare","20","14","c"
"eschare","20","14","e"
"eschare","21","2","g"
"eschare","21","4","d"
"eschare","22","1","a"
"eschare","22","2","c"
"eschare","22","10","c"
"eschare","22","10","g"
"eschare","23","2","c"
"eschare","23","7","j"
"eschare","24","10","a"
"eschare","24","10","i"
"eschare","25","2","c"
"eschare","25","7","b"
"eschare","26","1","e"
"eschare","26","7","c"
"eschare","27","1","a"
"eschare","28","2","g"
"eschare","29","2","c"
"eschare","29","8","h"
"eschare","30","15","b"
"eschare","30","15","c"
"eschare","32","7","c"
"eschare","32","7","d"
"eschare","33","2","g"
"eschare","33","7","b"
"eschare","33","15","b"
"eschare","33","15","c"
"eschare","34","2","c"
"eschare","35","2","g"
"eschare","35","3","c"
"eschare","35","3","d"
"eschare","37","3","d"
"eschare","37","3","f"
"eschare","38","2","c"
"eschare","39","1","d"
"eschare","40","2","g"
"eschare","41","1","a"
"eschare","41","1","c"
"eschare","42","1","e"
"eschare","44","1","d"
"eschare","44","1","e"
"eschare","45","2","g"
"eschare","46","5","a"
"eschare","46","14","e"
"eschare","47","13","b"
"eschare","47","13","e"
"eschare","48","2","g"
"eschare","48","3","b"
"eschare","49","7","c"
"eschare","49","7","g"
"eschare","50","1","a"
"eschare","50","10","c"
"eschare","51","1","a"
"eschare","51","2","a"
"eschare","51","2","d"
"eschare","51","8","d"
"eschare","51","8","e"
"eschare","52","8","d"
"eschare","54","7","c"
"eschare","55","13","e"
"eschare","56","2","g"
"eschare","56","7","b"
"eschare","56","7","d"
"eschare","57","2","g"
"eschare","60","10","b"
"eschare","61","5","d"
"eschare","62","10","c"
"eschare","64","6","a"
"eschare","64","14","b"
"eschare","64","14","e"
"eschare","65","14","b"
"eschare","66","6","a"
"eschare","66","14","b"
"eschare","66","14","g"
"eschare","67","2","g"
"eschare","69","1","b"
"eschare","70","2","c"
"eschare","71","7","j"
"eschare","71","10","c"
"eschare","71","11","b"
"eschare","72","3","b"
"eschare","73","1","a"
"eschare","73","7","b"
"eschare","75","2","c"
"eschare","76","5","d"
"eschare","77","2","g"
"eschare","77","14","d"
"eschare","78","15","c"
"eschare","79","7","b"
"eschare","79","7","i"
"eschare","79","15","c"
"eschare","80","7","b"
"eschare","82","4","a"
"eschare","83","5","d"
"eschare","84","5","d"
"eschare","85","3","b"
"eschare","86","12","a"
"eschare","89","14","e"
"eschare","90","2","g"
"eschare","91","1","a"
"eschare","91","4","a"
"eschare","92","2","g"
"eschare","94","4","b"
"eschare","95","7","c"
"eschare","95","7","e"
"eschare","95","15","d"
"eschare","97","14","e"
"eschare","98","2","e"
"eschare","98","10","g"
"eschare","98","12","a"
"eschare","100","2","c"
"eschare","101","10","b"
"eschare","101","10","d"
"eschare","103","14","f"
"eschare","105","2","g"
"eschare","105","4","d"
"eschare","106","3","b"
"eschare","107","2","g"
"eschare","108","1","a"
"eschare","109","1","d"
"eschare","112","2","g"
"eschare","113","2","g"
"eschare","114","2","c"
"eschare","114","6","a"
"eschare","115","2","g"
"eschare","115","5","e"
"eschare","116","1","d"
"eschare","117","10","d"
"eschare","119","7","d"
"eschare","121","1","c"
"eschare","123","2","c"
"eschare","124","2","g"
"eschare","126","1","a"
"eschare","128","2","c"
"eschare","128","2","g"
"eschare","129","8","g"
"eschare","130","8","b"
"eschare","131","2","g"
"eschare","133","3","c"
"eschare","133","3","d"
"eschare","134","3","a"
"eschare","134","3","c"
"eschare","135","14","d"
"eschare","137","7","c"
"eschare","137","7","g"
"eschare","137","15","d"
"eschare","138","1","a"
"eschare","139","1","a"
"eschare","139","2","g"
"eschare","140","7","b"
"eschare","140","15","c"
"eschare","141","7","b"
"eschare","142","2","c"
"eschare","143","2","c"
"eschare","144","1","a"
"eschare","145","2","g"
"eschare","145","11","b"
"eschare","146","14","g"
"eschare","147","2","g"
"eschare","147","14","g"
"eschare","148","1","a"
"eschare","148","2","g"
"eschare","149","2","g"
"eschare","149","14","d"
"eschare","149","14","e"
"eschare","151","7","c"
"eschare","151","7","h"
"eschare","152","11","b"
"eschare","153","1","a"
"eschare","154","2","g"
"eschare","155","14","c"
"eschare","155","14","d"
"eschare","155","14","e"
"eschare","156","2","c"
"eschare","156","14","b"
"eschare","156","14","c"
"eschare","157","2","f"
"eschare","157","8","i"
"eschare","158","11","b"
"eschare","159","1","c"
"eschare","160","1","d"
"eschare","161","4","a"
"eschare","161","5","d"
"eschare","161","15","b"
"eschare","161","15","c"
"eschare","164","5","e"
"eschare","165","2","g"
"eschare","165","15","b"
"eschare","166","2","c"
"eschare","166","14","c"
"eschare","166","14","g"
"eschare","167","2","g"
"eschare","168","1","e"
"eschare","169","1","d"
"eschare","169","1","e"
"eschare","171","1","a"
"eschare","171","2","c"
"eschare","171","2","g"
"eschare","173","2","b"
"eschare","173","2","c"
"eschare","173","2","g"
"eschare","173","15","b"
"eschare","174","1","c"
"eschare","174","11","b"
"eschare","175","1","c"
"eschare","175","1","e"
"eschare","175","11","b"
"eschare","176","1","a"
"eschare","176","1","c"
"eschare","177","1","a"
"eschare","177","1","c"
"eschare","178","1","d"
"eschare","178","1","e"
"eschare","178","10","c"
"eschare","179","1","a"
"eschare","179","2","g"
"eschare","180","2","f"
"eschare","180","2","g"
"eschare","181","1","d"
"eschare","182","1","e"
"eschare","183","2","c"
"eschare","183","6","a"
"eschare","184","7","a"
"eschare","184","14","b"
"eschare","186","7","b"
"eschare","186","15","b"
"eschare","187","2","g"
"eschare","188","3","f"
"eschare","190","1","a"
"eschare","191","2","g"
"eschare","192","2","g"
"eschare","193","5","d"
"eschare","195","7","b"
"eschare","196","2","c"
"eschare","196","14","f"
"eschare","200","2","g"
"eschare","201","2","c"
"eschare","201","14","g"
"eschare","202","14","b"
"eschare","202","14","c"
"eschare","202","14","g"
"eschare","203","14","b"
"eschare","203","14","c"
"eschare","204","2","g"
"eschare","204","8","d"
"eschare","204","8","e"
"eschare","205","1","c"
"eschare","208","2","c"
"eschare","208","2","d"
"eschare","210","14","b"
"eschare","211","8","h"
"eschare","212","2","c"
"eschare","212","8","b"
"eschare","213","10","c"
"eschare","214","1","a"
"eschare","216","1","c"
"eschare","216","12","a"
"eschare","217","7","b"
"eschare","218","2","g"
"eschare","219","14","c"
"eschare","220","10","b"
"eschare","220","10","g"
"eschare","220","12","a"
"eschare","221","1","a"
"eschare","223","2","g"
"eschare","224","2","g"
"eschare","226","10","a"
"eschare","226","10","b"
"eschare","227","10","h"
"eschare","227","15","c"
"eschare","228","6","a"
"eschare","228","10","c"
"eschare","229","10","c"
"eschare","231","7","c"
"eschare","232","3","f"
"eschare","232","12","a"
"eschare","232","15","f"
"eschare","233","10","a"
"eschare","233","10","b"
"eschare","233","10","c"
"eschare","233","10","f"
"eschare","235","1","a"
"eschare","235","2","g"
"eschare","235","5","a"
"eschare","235","8","e"
"eschare","235","14","b"
"eschare","235","14","e"
"eschare","236","2","f"
"eschare","237","2","g"
"eschare","238","7","b"
"eschare","239","1","a"
"eschare","240","10","c"
"eschare","241","10","b"
"eschare","241","10","c"
"eschare","242","4","c"
"eschare","244","1","a"
"eschare","245","2","g"
"eschare","248","7","b"
"eschare","249","1","a"
"eschare","252","2","g"
"eschare","253","2","c"
"eschare","254","7","c"
"eschare","255","7","c"
"eschare","256","10","a"
"eschare","259","15","e"
"eschare","261","15","b"
"eschare","262","7","b"
"eschare","262","15","b"
"eschare","263","1","a"
"eschare","264","1","a"
"eschare","264","2","c"
"eschare","264","2","g"
"eschare","265","2","g"
"eschare","266","3","b"
"eschare","266","8","a"
"eschare","267","6","a"
"eschare","267","10","a"
"eschare","267","14","e"
"eschare","267","14","g"
"eschare","269","10","a"
"eschare","269","10","b"
"eschare","269","10","c"
"eschare","269","10","d"
"eschare","269","10","f"
"eschare","270","10","a"
"eschare","270","10","b"
"eschare","270","10","c"
"eschare","270","10","d"
"eschare","270","10","g"
"eschare","271","3","c"
"eschare","271","3","d"
"eschare","272","13","e"
"eschare","273","13","e"
"eschare","274","7","b"
"eschare","274","7","j"
"eschare","275","3","b"
"eschare","276","3","b"
"eschare","276","14","b"
"eschare","277","7","c"
"eschare","278","11","b"
"eschare","279","2","e"
"eschare","280","2","c"
"eschare","280","10","c"
"eschare","280","10","d"
"eschare","280","10","f"
"eschare","281","11","b"
"eschare","282","8","a"
"eschare","283","2","g"
"eschare","284","2","e"
"eschare","284","2","g"
"eschare","285","2","e"
"eschare","285","2","g"
"eschare","286","1","c"
"eschare","286","1","d"
"eschare","286","1","e"
"eschare","287","7","b"
"eschare","288","2","g"
"eschare","288","6","a"
"eschare","289","2","c"
"eschare","290","2","c"
"eschare","290","6","a"
"eschare","292","2","c"
"eschare","292","6","a"
"eschare","294","10","b"
"eschare","295","2","g"
"eschare","296","7","b"
"eschare","296","15","b"
"eschare","296","15","c"
"eschare","297","7","i"
"eschare","298","13","d"
"eschare","299","7","j"
"eschare","300","2","c"
"eschare","300","8","b"
"eschare","300","14","e"
"eschare","302","1","a"
"eschare","302","1","c"
"eschare","303","2","c"
"eschare","305","4","c"
"eschare","306","10","g"
"eschare","307","1","a"
"eschare","307","2","c"
"eschare","309","1","a"
"eschare","310","1","e"
"eschare","311","2","c"
"eschare","312","2","g"
"eschare","313","7","a"
"eschare","314","2","c"
"eschare","317","2","c"
"eschare","317","7","j"
"eschare","318","1","c"
"eschare","318","2","g"
"eschare","318","7","c"
"eschare","318","10","c"
"eschare","319","2","c"
"eschare","319","2","e"
"eschare","319","7","b"
"eschare","320","1","a"
"hkroger","2","2","a"
"hkroger","2","2","c"
"hkroger","3","2","a"
"hkroger","3","2","c"
"hkroger","3","6","a"
"hkroger","4","2","a"
"hkroger","4","2","c"
"hkroger","4","8","b"
"hkroger","5","2","f"
"hkroger","5","8","b"
"hkroger","6","1","a"
"hkroger","7","1","a"
"hkroger","8","2","g"
"hkroger","9","2","g"
"hkroger","10","4","a"
"hkroger","11","2","a"
"hkroger","11","2","c"
"hkroger","12","2","g"
"hkroger","13","2","c"
"hkroger","13","14","e"
"hkroger","14","8","i"
"hkroger","15","8","e"
"hkroger","17","2","a"
"hkroger","17","2","d"
"hkroger","17","4","a"
"hkroger","18","2","a"
"hkroger","18","2","g"
"hkroger","19","2","f"
"hkroger","20","14","g"
"hkroger","21","2","g"
"hkroger","22","1","a"
"hkroger","22","2","c"
"hkroger","22","10","a"
"hkroger","22","10","f"
"hkroger","23","2","c"
"hkroger","24","10","a"
"hkroger","24","10","f"
"hkroger","24","10","i"
"hkroger","25","2","a"
"hkroger","25","2","c"
"hkroger","25","7","b"
"hkroger","26","7","c"
"hkroger","27","1","a"
"hkroger","28","2","g"
"hkroger","29","2","a"
"hkroger","29","2","c"
"hkroger","29","8","h"
"hkroger","31","2","g"
"hkroger","32","2","a"
"hkroger","32","4","c"
"hkroger","32","7","c"
"hkroger","33","2","c"
"hkroger","33","2","g"
"hkroger","33","7","b"
"hkroger","34","2","c"
"hkroger","35","2","g"
"hkroger","37","3","d"
"hkroger","38","2","c"
"hkroger","39","1","d"
"hkroger","40","2","g"
"hkroger","41","1","a"
"hkroger","41","1","c"
"hkroger","42","1","e"
"hkroger","42","14","b"
"hkroger","43","4","a"
"hkroger","44","1","d"
"hkroger","44","1","e"
"hkroger","45","2","g"
"hkroger","46","6","a"
"hkroger","47","4","a"
"hkroger","47","13","e"
"hkroger","48","2","g"
"hkroger","49","10","b"
"hkroger","49","10","c"
"hkroger","50","1","a"
"hkroger","50","10","c"
"hkroger","51","1","a"
"hkroger","51","2","d"
"hkroger","51","8","d"
"hkroger","51","8","e"
"hkroger","51","11","b"
"hkroger","52","2","f"
"hkroger","53","10","b"
"hkroger","54","7","c"
"hkroger","54","7","d"
"hkroger","55","13","e"
"hkroger","56","2","g"
"hkroger","56","7","b"
"hkroger","57","2","g"
"hkroger","58","14","b"
"hkroger","60","2","f"
"hkroger","61","7","b"
"hkroger","63","14","b"
"hkroger","64","14","b"
"hkroger","66","14","b"
"hkroger","67","2","g"
"hkroger","69","1","b"
"hkroger","70","2","c"
"hkroger","71","1","a"
"hkroger","71","1","c"
"hkroger","71","10","c"
"hkroger","71","11","b"
"hkroger","72","2","g"
"hkroger","73","1","a"
"hkroger","75","2","c"
"hkroger","77","2","g"
"hkroger","81","2","g"
"hkroger","85","3","b"
"hkroger","86","2","g"
"hkroger","88","2","f"
"hkroger","90","2","g"
"hkroger","91","1","a"
"hkroger","91","2","g"
"hkroger","91","4","a"
"hkroger","92","2","g"
"hkroger","94","4","b"
"hkroger","95","7","c"
"hkroger","96","2","f"
"hkroger","98","10","c"
"hkroger","98","12","a"
"hkroger","100","2","c"
"hkroger","101","10","d"
"hkroger","103","8","b"
"hkroger","105","2","g"
"hkroger","106","3","b"
"hkroger","107","2","g"
"hkroger","108","1","a"
"hkroger","109","1","d"
"hkroger","112","2","g"
"hkroger","113","2","g"
"hkroger","114","2","c"
"hkroger","115","2","g"
"hkroger","116","1","d"
"hkroger","119","7","b"
"hkroger","119","7","d"
"hkroger","120","1","e"
"hkroger","120","2","c"
"hkroger","121","1","c"
"hkroger","122","2","g"
"hkroger","123","2","c"
"hkroger","124","2","g"
"hkroger","126","1","a"
"hkroger","128","2","c"
"hkroger","128","2","g"
"hkroger","130","2","g"
"hkroger","131","2","g"
"hkroger","132","3","a"
"hkroger","133","3","c"
"hkroger","134","3","c"
"hkroger","135","2","g"
"hkroger","136","2","a"
"hkroger","136","2","g"
"hkroger","136","14","g"
"hkroger","137","7","c"
"hkroger","137","15","b"
"hkroger","137","15","d"
"hkroger","138","1","a"
"hkroger","139","1","a"
"hkroger","139","2","g"
"hkroger","140","15","c"
"hkroger","141","7","b"
"hkroger","142","2","c"
"hkroger","143","2","c"
"hkroger","144","1","a"
"hkroger","145","2","g"
"hkroger","147","2","a"
"hkroger","147","2","g"
"hkroger","148","1","a"
"hkroger","148","2","g"
"hkroger","149","2","g"
"hkroger","150","2","a"
"hkroger","151","2","g"
"hkroger","151","7","e"
"hkroger","151","7","h"
"hkroger","152","2","g"
"hkroger","153","1","a"
"hkroger","154","2","g"
"hkroger","155","14","b"
"hkroger","156","2","c"
"hkroger","156","14","b"
"hkroger","157","2","f"
"hkroger","159","1","c"
"hkroger","160","1","d"
"hkroger","164","5","e"
"hkroger","165","2","g"
"hkroger","166","2","c"
"hkroger","166","2","g"
"hkroger","166","14","c"
"hkroger","167","2","g"
"hkroger","169","1","d"
"hkroger","171","2","a"
"hkroger","171","2","c"
"hkroger","171","2","g"
"hkroger","173","2","b"
"hkroger","173","2","c"
"hkroger","173","2","g"
"hkroger","174","10","c"
"hkroger","175","1","b"
"hkroger","175","1","c"
"hkroger","175","1","e"
"hkroger","176","1","a"
"hkroger","177","1","a"
"hkroger","177","1","c"
"hkroger","178","1","d"
"hkroger","178","1","e"
"hkroger","179","1","a"
"hkroger","179","2","g"
"hkroger","180","2","f"
"hkroger","180","2","g"
"hkroger","181","1","d"
"hkroger","182","2","g"
"hkroger","183","2","c"
"hkroger","183","2","g"
"hkroger","184","7","a"
"hkroger","184","14","b"
"hkroger","187","2","g"
"hkroger","190","1","a"
"hkroger","190","2","g"
"hkroger","191","2","g"
"hkroger","192","2","g"
"hkroger","193","5","c"
"hkroger","193","5","d"
"hkroger","194","2","c"
"hkroger","194","3","b"
"hkroger","195","7","b"
"hkroger","196","2","c"
"hkroger","199","2","a"
"hkroger","200","2","g"
"hkroger","201","2","c"
"hkroger","202","14","b"
"hkroger","202","14","c"
"hkroger","203","14","b"
"hkroger","204","2","g"
"hkroger","204","8","d"
"hkroger","204","8","e"
"hkroger","205","1","c"
"hkroger","205","2","g"
"hkroger","206","14","b"
"hkroger","208","2","c"
"hkroger","208","2","d"
"hkroger","212","2","c"
"hkroger","212","2","g"
"hkroger","212","8","b"
"hkroger","214","1","a"
"hkroger","216","1","c"
"hkroger","216","2","g"
"hkroger","217","7","b"
"hkroger","218","2","g"
"hkroger","219","14","c"
"hkroger","221","1","a"
"hkroger","221","2","g"
"hkroger","221","5","c"
"hkroger","221","14","b"
"hkroger","222","2","g"
"hkroger","223","2","g"
"hkroger","224","2","g"
"hkroger","226","2","c"
"hkroger","226","2","g"
"hkroger","227","15","b"
"hkroger","228","2","g"
"hkroger","231","7","c"
"hkroger","232","2","g"
"hkroger","232","15","f"
"hkroger","233","2","g"
"hkroger","235","1","a"
"hkroger","235","2","c"
"hkroger","235","8","e"
"hkroger","236","2","f"
"hkroger","237","2","g"
"hkroger","237","8","b"
"hkroger","238","2","g"
"hkroger","238","7","b"
"hkroger","239","1","a"
"hkroger","244","1","a"
"hkroger","245","2","g"
"hkroger","246","2","a"
"hkroger","246","2","g"
"hkroger","247","3","e"
"hkroger","249","1","a"
"hkroger","249","2","g"
"hkroger","252","2","g"
"hkroger","253","2","c"
"hkroger","253","2","g"
"hkroger","254","7","b"
"hkroger","255","2","a"
"hkroger","256","2","c"
"hkroger","256","2","g"
"hkroger","257","2","g"
"hkroger","258","2","g"
"hkroger","259","2","g"
"hkroger","260","2","g"
"hkroger","261","7","b"
"hkroger","262","7","c"
"hkroger","263","1","a"
"hkroger","264","1","a"
"hkroger","264","2","c"
"hkroger","264","2","g"
"hkroger","265","2","g"
"hkroger","266","2","g"
"hkroger","267","2","c"
"hkroger","267","2","g"
"hkroger","267","10","a"
"hkroger","268","15","b"
"hkroger","269","10","b"
"hkroger","269","10","f"
"hkroger","270","2","g"
"hkroger","272","13","e"
"hkroger","273","2","g"
"hkroger","273","13","e"
"hkroger","274","15","b"
"hkroger","274","15","c"
"hkroger","275","3","b"
"hkroger","275","14","b"
"hkroger","276","2","a"
"hkroger","276","3","b"
"hkroger","277","2","g"
"hkroger","277","7","c"
"hkroger","278","1","g"
"hkroger","278","11","b"
"hkroger","279","2","g"
"hkroger","280","2","c"
"hkroger","280","10","b"
"hkroger","280","10","c"
"hkroger","281","1","c"
"hkroger","283","2","g"
"hkroger","284","2","e"
"hkroger","284","2","g"
"hkroger","285","2","e"
"hkroger","285","2","g"
"hkroger","286","1","c"
"hkroger","286","1","d"
"hkroger","286","2","g"
"hkroger","287","2","g"
"hkroger","288","2","g"
"hkroger","289","2","c"
"hkroger","290","2","a"
"hkroger","290","2","c"
"hkroger","292","2","c"
"hkroger","292","2","g"
"hkroger","293","2","g"
"hkroger","294","10","f"
"hkroger","295","2","g"
"hkroger","298","13","d"
"hkroger","300","2","c"
"hkroger","300","8","b"
"hkroger","302","1","a"
"hkroger","302","1","c"
"hkroger","303","2","c"
"hkroger","303","7","b"
"hkroger","306","10","c"
"hkroger","307","1","a"
"hkroger","307","2","c"
"hkroger","308","1","e"
"hkroger","309","1","a"
"hkroger","310","1","e"
"hkroger","311","2","c"
"hkroger","311","2","g"
"hkroger","312","2","g"
"hkroger","313","7","a"
"hkroger","314","2","c"
"hkroger","314","2","g"
"hkroger","314","7","b"
"hkroger","316","2","g"
"hkroger","317","2","c"
"hkroger","317","2","g"
"hkroger","318","1","c"
"hkroger","318","2","g"
"hkroger","318","10","c"
"hkroger","319","2","c"
"hkroger","319","7","b"
"hkroger","320","1","a"
"hkroger","320","2","g"
"hkroger","321","2","g"
"hkroger","322","2","g"
"hkroger","322","7","b"
"hkroger","323","2","g"
"hkroger","325","2","c"
"hkroger","325","10","c"
"hkroger","326","2","g"
"hkroger","326","6","a"
"hkroger","328","2","g"
"hkroger","329","7","c"
"hkroger","330","2","c"
"hkroger","331","1","a"
"hkroger","331","2","g"
"hkroger","332","1","d"
"hkroger","333","1","d"
"hkroger","334","1","d"
"Snehal","2","2","a"
"Snehal","2","2","c"
"Snehal","3","2","a"
"Snehal","3","2","c"
"Snehal","4","2","a"
"Snehal","4","2","c"
"Snehal","6","1","a"
"Snehal","7","1","a"
"Snehal","7","10","c"
"Snehal","9","2","g"
"Snehal","10","4","a"
"Snehal","10","5","b"
"Snehal","10","15","b"
"Snehal","11","2","c"
"Snehal","11","4","b"
"Snehal","12","2","g"
"Snehal","13","2","c"
"Snehal","13","14","b"
"Snehal","13","14","c"
"Snehal","13","14","g"
"Snehal","14","8","i"
"Snehal","14","14","f"
"Snehal","15","8","e"
"Snehal","16","11","b"
"Snehal","17","1","b"
"Snehal","17","2","a"
"Snehal","17","2","d"
"Snehal","17","11","b"
"Snehal","17","14","d"
"Snehal","18","2","a"
"Snehal","18","6","a"
"Snehal","19","2","f"
"Snehal","20","14","c"
"Snehal","20","14","e"
"Snehal","21","2","g"
"Snehal","22","1","a"
"Snehal","22","2","c"
"Snehal","22","10","g"
"Snehal","22","15","b"
"Snehal","23","2","c"
"Snehal","23","7","b"
"Snehal","24","10","a"
"Snehal","24","10","f"
"Snehal","24","10","i"
"Snehal","25","2","c"
"Snehal","25","7","b"
"Snehal","25","7","c"
"Snehal","26","1","e"
"Snehal","26","7","c"
"Snehal","27","1","a"
"Snehal","28","2","g"
"Snehal","29","2","c"
"Snehal","29","8","h"
"Snehal","30","15","b"
"Snehal","31","2","g"
"Snehal","32","1","b"
"Snehal","32","2","a"
"Snehal","32","4","c"
"Snehal","33","1","b"
"Snehal","33","2","c"
"Snehal","33","2","g"
"Snehal","33","4","c"
"Snehal","33","7","b"
"Snehal","33","15","b"
"Snehal","33","15","c"
"Snehal","34","2","c"
"Snehal","35","2","g"
"Snehal","35","12","a"
"Snehal","36","3","f"
"Snehal","37","3","d"
"Snehal","37","3","f"
"Snehal","37","14","g"
"Snehal","37","15","e"
"Snehal","38","2","c"
"Snehal","39","1","d"
"Snehal","40","2","g"
"Snehal","41","1","a"
"Snehal","41","1","c"
"Snehal","42","1","e"
"Snehal","42","3","b"
"Snehal","42","4","a"
"Snehal","43","4","b"
"Snehal","43","6","a"
"Snehal","44","1","d"
"Snehal","44","1","e"
"Snehal","45","2","g"
"Snehal","46","6","a"
"Snehal","46","14","a"
"Snehal","46","14","e"
"Snehal","47","4","a"
"Snehal","47","13","b"
"Snehal","48","2","g"
"Snehal","48","3","b"
"Snehal","49","1","b"
"Snehal","50","1","a"
"Snehal","50","10","c"
"Snehal","51","1","a"
"Snehal","51","2","a"
"Snehal","51","2","g"
"Snehal","51","3","a"
"Snehal","51","3","c"
"Snehal","51","3","d"
"Snehal","51","8","d"
"Snehal","51","8","e"
"Snehal","51","11","b"
"Snehal","52","8","d"
"Snehal","53","10","a"
"Snehal","53","14","f"
"Snehal","54","5","d"
"Snehal","54","7","c"
"Snehal","55","15","f"
"Snehal","56","2","g"
"Snehal","56","7","c"
"Snehal","57","2","g"
"Snehal","57","8","b"
"Snehal","57","8","e"
"Snehal","58","6","a"
"Snehal","58","8","e"
"Snehal","58","14","f"
"Snehal","60","8","e"
"Snehal","60","10","b"
"Snehal","61","7","c"
"Snehal","61","15","b"
"Snehal","62","10","c"
"Snehal","63","6","a"
"Snehal","64","14","b"
"Snehal","64","14","c"
"Snehal","65","14","e"
"Snehal","66","6","a"
"Snehal","67","2","g"
"Snehal","68","1","b"
"Snehal","69","1","b"
"Snehal","69","8","c"
"Snehal","70","2","c"
"Snehal","70","6","a"
"Snehal","70","14","d"
"Snehal","71","1","a"
"Snehal","71","1","c"
"Snehal","71","10","c"
"Snehal","71","10","e"
"Snehal","71","10","f"
"Snehal","72","3","b"
"Snehal","73","1","a"
"Snehal","73","7","c"
"Snehal","75","2","c"
"Snehal","76","5","d"
"Snehal","76","10","c"
"Snehal","77","2","g"
"Snehal","77","14","d"
"Snehal","78","15","b"
"Snehal","79","15","b"
"Snehal","79","15","c"
"Snehal","80","15","b"
"Snehal","80","15","c"
"Snehal","81","2","g"
"Snehal","83","5","d"
"Snehal","84","5","d"
"Snehal","85","3","b"
"Snehal","86","1","b"
"Snehal","86","2","g"
"Snehal","87","8","b"
"Snehal","88","2","f"
"Snehal","88","8","e"
"Snehal","89","1","f"
"Snehal","90","1","f"
"Snehal","90","2","g"
"Snehal","91","1","a"
"Snehal","91","2","g"
"Snehal","97","4","d"
"Snehal","98","2","a"
"Snehal","98","8","c"
"Snehal","98","10","c"
"Snehal","100","2","c"
"Snehal","101","2","f"
"Snehal","101","6","a"
"Snehal","101","10","c"
"Snehal","102","10","c"
"Snehal","103","8","b"
"Snehal","104","14","e"
"Snehal","105","2","g"
"Snehal","105","4","d"
"Snehal","106","3","b"
"Snehal","107","2","g"
"Snehal","108","1","a"
"Snehal","109","1","d"
"Snehal","110","6","b"
"Snehal","111","14","d"
"Snehal","111","14","e"
"Snehal","111","14","f"
"Snehal","112","2","g"
"Snehal","113","2","g"
"Snehal","114","2","c"
"Snehal","114","6","a"
"Snehal","115","2","g"
"Snehal","116","1","d"
"Snehal","116","1","e"
"Snehal","117","7","j"
"Snehal","117","10","c"
"Snehal","119","7","b"
"Snehal","119","7","d"
"Snehal","120","1","e"
"Snehal","120","2","c"
"Snehal","120","10","c"
"Snehal","121","1","b"
"Snehal","121","1","c"
"Snehal","122","2","g"
"Snehal","122","14","f"
"Snehal","123","2","c"
"Snehal","124","2","g"
"Snehal","126","1","a"
"Snehal","126","1","f"
"Snehal","127","8","b"
"Snehal","128","2","c"
"Snehal","128","2","g"
"Snehal","129","8","g"
"Snehal","130","2","g"
"Snehal","130","14","b"
"Snehal","131","2","g"
"Snehal","131","10","c"
"Snehal","132","3","a"
"Snehal","132","3","c"
"Snehal","132","3","d"
"Snehal","133","1","b"
"Snehal","133","3","a"
"Snehal","133","3","c"
"Snehal","133","10","e"
"Snehal","134","3","a"
"Snehal","134","11","b"
"Snehal","135","2","a"
"Snehal","135","2","e"
"Snehal","135","2","g"
"Snehal","135","4","b"
"Snehal","136","2","a"
"Snehal","136","12","a"
"Snehal","136","14","g"
"Snehal","137","7","h"
"Snehal","137","15","d"
"Snehal","138","1","a"
"Snehal","139","1","a"
"Snehal","139","2","g"
"Snehal","140","15","c"
"Snehal","140","15","f"
"Snehal","141","15","b"
"Snehal","142","2","c"
"Snehal","143","2","c"
"Snehal","144","1","a"
"Snehal","145","2","g"
"Snehal","146","14","e"
"Snehal","146","14","f"
"Snehal","146","14","g"
"Snehal","147","2","a"
"Snehal","147","2","g"
"Snehal","147","6","a"
"Snehal","147","15","e"
"Snehal","148","1","a"
"Snehal","148","2","g"
"Snehal","149","2","g"
"Snehal","149","14","e"
"Snehal","150","2","a"
"Snehal","151","2","g"
"Snehal","151","7","c"
"Snehal","152","2","g"
"Snehal","152","6","a"
"Snehal","153","1","a"
"Snehal","154","2","g"
"Snehal","155","14","b"
"Snehal","156","2","c"
"Snehal","156","14","b"
"Snehal","156","14","c"
"Snehal","157","2","f"
"Snehal","157","8","i"
"Snehal","159","1","c"
"Snehal","160","1","d"
"Snehal","160","1","e"
"Snehal","161","10","i"
"Snehal","162","5","e"
"Snehal","163","5","d"
"Snehal","164","15","e"
"Snehal","164","15","f"
"Snehal","165","2","g"
"Snehal","165","15","b"
"Snehal","166","2","c"
"Snehal","166","2","g"
"Snehal","166","6","a"
"Snehal","166","14","b"
"Snehal","166","14","c"
"Snehal","167","2","e"
"Snehal","167","2","g"
"Snehal","168","1","e"
"Snehal","169","1","d"
"Snehal","169","1","e"
"Snehal","170","6","a"
"Snehal","171","1","a"
"Snehal","171","2","g"
"Snehal","171","6","a"
"Snehal","172","7","c"
"Snehal","173","2","b"
"Snehal","173","2","c"
"Snehal","173","2","e"
"Snehal","173","2","g"
"Snehal","173","6","a"
"Snehal","174","1","c"
"Snehal","174","10","c"
"Snehal","174","10","g"
"Snehal","175","1","c"
"Snehal","175","1","e"
"Snehal","175","3","a"
"Snehal","176","1","b"
"Snehal","177","1","a"
"Snehal","177","1","b"
"Snehal","177","1","c"
"Snehal","178","1","d"
"Snehal","178","1","e"
"Snehal","178","10","e"
"Snehal","178","10","f"
"Snehal","179","1","a"
"Snehal","179","1","b"
"Snehal","179","2","g"
"Snehal","180","2","f"
"Snehal","180","2","g"
"Snehal","181","1","d"
"Snehal","181","1","e"
"Snehal","182","2","g"
"Snehal","183","2","c"
"Snehal","183","2","e"
"Snehal","183","6","a"
"Snehal","183","10","a"
"Snehal","184","14","b"
"Snehal","185","4","a"
"Snehal","185","14","a"
"Snehal","186","15","f"
"Snehal","187","2","g"
"Snehal","187","14","g"
"Snehal","188","2","a"
"Snehal","188","2","e"
"Snehal","189","1","d"
"Snehal","189","15","d"
"Snehal","190","1","a"
"Snehal","190","1","b"
"Snehal","191","2","g"
"Snehal","191","15","e"
"Snehal","192","2","g"
"Snehal","193","5","d"
"Snehal","194","6","a"
"Snehal","194","14","b"
"Snehal","195","7","b"
"Snehal","195","7","c"
"Snehal","195","7","e"
"Snehal","196","2","c"
"Snehal","196","6","a"
"Snehal","197","14","b"
"Snehal","198","13","c"
"Snehal","199","2","a"
"Snehal","199","4","a"
"Snehal","199","4","d"
"Snehal","200","2","a"
"Snehal","200","2","g"
"Snehal","201","2","c"
"Snehal","201","6","a"
"Snehal","202","14","c"
"Snehal","202","14","e"
"Snehal","203","14","b"
"Snehal","204","2","g"
"Snehal","204","8","d"
"Snehal","204","8","e"
"Snehal","205","1","b"
"Snehal","205","1","c"
"Snehal","206","14","e"
"Snehal","206","14","h"
"Snehal","207","14","b"
"Snehal","207","14","h"
"Snehal","208","2","a"
"Snehal","208","2","c"
"Snehal","209","14","b"
"Snehal","209","14","h"
"Snehal","210","14","b"
"Snehal","210","14","h"
"Snehal","211","8","h"
"Snehal","211","14","g"
"Snehal","212","2","c"
"Snehal","212","2","g"
"Snehal","212","8","b"
"Snehal","212","8","f"
"Snehal","213","1","b"
"Snehal","214","1","a"
"Snehal","215","1","b"
"Snehal","216","1","b"
"Snehal","216","1","c"
"Snehal","217","7","b"
"Snehal","217","7","c"
"Snehal","217","7","f"
"Snehal","217","15","b"
"Snehal","218","2","g"
"snehal","219","14","b"
"snehal","220","4","a"
"snehal","220","10","b"
"snehal","221","1","a"
"snehal","221","1","b"
"snehal","221","2","g"
"snehal","221","5","d"
"snehal","221","7","b"
"snehal","221","7","c"
"snehal","222","2","g"
"snehal","222","4","d"
"snehal","223","2","g"
"snehal","224","2","g"
"snehal","225","1","b"
"snehal","225","1","c"
"snehal","226","2","c"
"snehal","226","2","g"
"snehal","226","10","a"
"snehal","226","10","g"
"snehal","226","15","d"
"snehal","227","5","d"
"snehal","227","10","c"
"snehal","228","2","g"
"snehal","228","6","a"
"snehal","229","10","c"
"snehal","230","8","c"
"snehal","230","10","c"
"snehal","231","15","d"
"snehal","232","2","g"
"snehal","232","4","a"
"snehal","232","12","a"
"snehal","233","2","e"
"snehal","233","2","g"
"snehal","233","10","a"
"snehal","233","10","f"
"snehal","234","1","c"
"snehal","234","10","f"
"snehal","235","1","a"
"snehal","235","1","b"
"snehal","235","1","c"
"snehal","235","2","c"
"snehal","235","2","g"
"snehal","235","6","a"
"snehal","235","8","e"
"snehal","235","14","c"
"snehal","235","14","e"
"snehal","237","2","g"
"snehal","237","14","d"
"snehal","237","14","e"
"snehal","238","2","g"
"snehal","238","7","c"
"snehal","239","1","a"
"snehal","240","10","c"
"snehal","241","10","c"
"snehal","242","15","d"
"snehal","243","4","a"
"snehal","243","12","a"
"snehal","244","1","a"
"snehal","245","2","g"
"snehal","246","2","a"
"snehal","246","2","g"
"snehal","247","8","b"
"snehal","247","14","h"
"snehal","248","7","e"
"snehal","249","1","a"
"snehal","250","4","a"
"snehal","251","4","a"
"snehal","252","2","g"
"snehal","253","2","c"
"snehal","254","7","c"
"snehal","254","15","d"
"snehal","255","2","a"
"snehal","255","7","g"
"snehal","255","7","h"
"snehal","256","2","g"
"snehal","256","10","a"
"snehal","257","2","g"
"snehal","258","2","g"
"snehal","259","2","g"
"snehal","259","15","e"
"snehal","260","2","g"
"snehal","261","10","i"
"snehal","262","10","h"
"snehal","263","1","a"
"snehal","264","1","a"
"snehal","264","2","c"
"snehal","264","2","g"
"snehal","264","14","b"
"snehal","265","2","g"
"snehal","266","2","g"
"snehal","266","3","a"
"snehal","266","3","b"
"snehal","267","2","c"
"snehal","267","2","g"
"snehal","267","6","a"
"snehal","267","10","a"
"snehal","267","14","e"
"snehal","267","14","g"
"snehal","268","15","b"
"snehal","269","10","a"
"snehal","269","10","f"
"snehal","270","2","a"
"snehal","270","2","f"
"snehal","271","10","c"
"snehal","271","10","f"
"snehal","271","10","g"
"snehal","272","13","e"
"snehal","273","2","g"
"snehal","273","13","e"
"snehal","274","7","b"
"snehal","274","7","c"
"snehal","275","3","b"
"snehal","275","14","b"
"snehal","275","14","d"
"snehal","276","2","a"
"snehal","276","3","b"
"snehal","276","14","d"
"snehal","276","14","e"
"snehal","277","2","g"
"snehal","278","1","b"
"snehal","278","2","g"
"snehal","279","10","c"
"snehal","280","2","c"
"snehal","280","10","a"
"snehal","280","10","f"
"snehal","280","15","b"
"snehal","281","1","b"
"snehal","281","1","c"
"snehal","282","6","a"
"snehal","283","2","g"
"snehal","284","2","e"
"snehal","284","2","g"
"snehal","285","2","e"
"snehal","285","2","g"
"snehal","286","1","d"
"snehal","286","1","e"
"snehal","286","2","g"
"snehal","287","2","g"
"snehal","287","7","b"
"snehal","288","2","e"
"snehal","289","2","c"
"snehal","289","6","a"
"snehal","290","2","a"
"snehal","290","6","a"
"snehal","291","6","a"
"snehal","292","2","g"
"snehal","292","6","a"
"snehal","292","14","b"
"snehal","293","2","g"
"snehal","294","10","f"
"snehal","295","2","g"
"snehal","296","15","f"
"snehal","297","2","e"
"snehal","298","13","d"
"snehal","299","1","b"
"snehal","300","2","c"
"snehal","300","6","a"
"snehal","300","14","b"
"snehal","300","14","c"
"snehal","300","14","e"
"snehal","301","10","g"
"snehal","302","1","a"
"snehal","302","1","c"
"snehal","303","2","c"
"snehal","303","15","b"
"snehal","304","10","g"
"snehal","305","10","g"
"snehal","306","10","g"
"snehal","307","1","a"
"snehal","307","2","a"
"snehal","307","2","c"
"snehal","308","3","a"
"snehal","308","3","d"
"snehal","308","10","c"
"snehal","309","1","a"
"snehal","309","1","b"
"snehal","310","1","e"
"snehal","311","2","c"
"snehal","311","2","e"
"snehal","312","2","g"
"snehal","313","7","a"
"snehal","314","2","c"
"snehal","314","2","g"
"snehal","314","15","b"
"snehal","314","15","c"
"snehal","314","15","f"
"snehal","315","10","a"
"snehal","316","2","g"
"snehal","317","2","c"
"snehal","317","2","g"
"snehal","318","1","c"
"snehal","318","2","e"
"snehal","318","2","g"
"snehal","318","10","c"
"snehal","318","10","g"
"snehal","319","2","c"
"snehal","319","7","c"
"snehal","319","10","i"
"snehal","320","1","a"
"snehal","321","2","g"
